Date,Open,High,Low,Close,Volume
3/27/2023,9.0,10.3,9.0,10.2,2272395
3/28/2023,10.2,10.3,10.2,10.2,858427
3/29/2023,10.2,10.2,10.2,10.2,49589
3/30/2023,10.2,10.2,10.2,10.2,83172
4/2/2023,10.2,10.2,10.2,10.2,2241
4/3/2023,10.2,10.2,10.2,10.2,150
4/4/2023,10.2,10.4,10.2,10.2,4777047
4/5/2023,10.2,11.2,10.2,10.8,2099933
4/6/2023,11.5,11.8,11.2,11.8,1609270
4/9/2023,12.9,12.9,12.9,12.9,1158485
4/10/2023,14.1,14.1,11.9,12.9,11933769
4/11/2023,13.0,14.1,12.4,13.8,6318786
4/12/2023,13.9,14.1,12.7,13.2,3829587
4/13/2023,12.6,13.4,12.5,12.8,2509815
4/16/2023,12.8,12.8,11.6,11.6,5272361
4/17/2023,11.2,11.6,10.5,10.5,3894280
4/18/2023,10.5,11.5,10.2,11.5,2224530
4/24/2023,11.5,11.8,10.8,10.9,1906551
4/25/2023,10.9,11.9,10.5,11.8,3121854
4/26/2023,11.8,12.5,11.5,12.2,2738118
4/27/2023,12.3,12.3,11.1,11.3,2994819
4/30/2023,11.5,12.1,11.1,11.8,1679083
5/2/2023,11.8,12.9,11.8,12.4,5164619
5/3/2023,12.6,13.6,12.5,13.6,5818450
5/7/2023,13.7,14.9,13.7,14.9,6069469
5/8/2023,15.4,16.2,13.7,14.0,8423767
5/9/2023,14.0,15.4,13.9,15.4,5491167
5/10/2023,15.6,16.9,15.3,15.5,7194684
5/11/2023,15.5,16.3,15.2,15.7,4821247
5/14/2023,15.8,16.8,15.7,16.1,5227882
5/15/2023,16.2,16.6,14.5,14.9,5902698
5/16/2023,15.0,15.1,14.3,14.4,4526791
5/17/2023,14.3,15.5,14.3,15.1,2599543
5/18/2023,15.1,15.2,13.9,14.1,3717824
5/21/2023,13.8,15.1,13.8,14.4,1931698
5/22/2023,14.5,15.4,14.1,15.2,5023999
5/24/2023,15.4,16.2,14.9,15.3,7733727
5/25/2023,15.5,16.1,14.9,15.7,4713159
5/28/2023,15.9,16.5,15.4,15.5,5449321
5/29/2023,15.5,15.5,14.0,14.4,4641469
5/30/2023,14.7,14.8,14.0,14.1,2294186
5/31/2023,14.1,14.4,13.5,13.6,3226063
6/1/2023,13.8,14.0,13.5,13.7,941838
6/4/2023,13.8,13.9,12.4,12.7,3034757
6/5/2023,12.9,13.8,12.7,13.1,2531000
6/6/2023,13.0,13.2,12.1,12.3,1894192
6/7/2023,12.7,12.9,12.3,12.6,1215507
6/8/2023,12.7,12.7,12.1,12.5,1718307
6/11/2023,12.6,12.8,12.1,12.2,1289532
6/12/2023,12.4,12.4,11.5,11.6,2079355
6/13/2023,11.8,12.5,11.5,12.1,1105616
6/14/2023,12.3,12.4,11.4,11.5,1830880
6/15/2023,11.5,11.9,11.3,11.8,735954
6/18/2023,11.8,12.9,11.7,12.7,2354524
6/19/2023,12.9,13.3,12.2,12.3,2435635
6/20/2023,12.3,12.6,11.9,12.1,1311017
6/21/2023,12.2,12.4,11.9,12.0,1503543
6/22/2023,12.1,13.1,12.0,12.8,3130740
6/25/2023,12.8,12.9,12.4,12.6,1706043
6/26/2023,12.6,12.9,12.5,12.7,2288020
7/2/2023,12.7,12.8,12.5,12.6,1312492
7/3/2023,12.6,12.7,12.3,12.4,1113615
7/4/2023,12.4,13.5,12.4,13.4,5063081
7/5/2023,13.5,13.6,13.0,13.2,1980718
7/6/2023,13.1,13.3,12.8,13.1,2690421
7/9/2023,13.1,14.4,13.0,14.3,7190896
7/10/2023,14.4,14.5,13.1,13.3,4125164
7/11/2023,13.1,14.2,13.1,13.9,3558768
7/12/2023,14.0,14.9,13.9,14.0,5541451
7/13/2023,14.0,14.3,13.6,14.0,2596425
7/16/2023,14.1,14.6,13.9,14.0,4011632
7/17/2023,14.2,15.4,14.2,15.4,6329730
7/18/2023,16.0,16.9,16.0,16.9,17387490
7/19/2023,17.2,18.5,15.5,17.9,11781815
7/20/2023,18.1,18.1,16.2,16.2,13265770
7/23/2023,15.8,16.1,14.6,14.8,6804657
7/24/2023,15.0,16.1,14.6,15.7,6335438
7/25/2023,15.8,15.9,14.6,14.7,5145572
7/26/2023,14.7,15.2,14.5,14.6,3360983
7/27/2023,14.8,14.9,14.0,14.2,3971689
7/30/2023,14.3,14.7,13.7,13.9,3128437
7/31/2023,14.5,15.1,14.2,14.3,4991230
8/1/2023,14.4,14.5,14.1,14.2,1785019
8/2/2023,14.3,14.4,13.7,13.8,2567886
8/3/2023,13.8,14.2,13.7,13.8,2622893
8/6/2023,13.7,14.0,13.5,13.6,1221926
8/7/2023,13.6,13.7,13.3,13.3,1232150
8/8/2023,13.5,13.7,13.3,13.6,1313961
8/9/2023,13.6,13.7,13.2,13.3,1517661
8/10/2023,13.3,13.3,12.9,13.1,1262971
8/13/2023,13.0,13.2,12.4,12.5,1435225
8/14/2023,12.6,12.6,12.0,12.1,1901361
8/16/2023,12.1,12.1,11.7,11.9,1438148
8/17/2023,11.9,12.7,11.9,12.6,1300871
8/20/2023,12.6,12.7,12.3,12.7,933709
8/21/2023,12.8,13.8,12.6,13.7,3449666
8/22/2023,13.7,13.9,13.3,13.3,1797970
8/23/2023,13.2,13.5,13.0,13.1,1887047
8/24/2023,13.2,13.4,13.1,13.2,946341
8/27/2023,13.3,13.5,13.3,13.4,1367964
8/28/2023,13.6,13.6,13.0,13.1,1565446
8/29/2023,13.1,13.2,12.8,13.0,1619499
8/30/2023,13.1,13.4,12.8,13.3,1210253
8/31/2023,13.3,13.4,13.1,13.2,770277
9/3/2023,13.3,13.6,13.2,13.3,1656672
9/4/2023,13.3,13.4,13.0,13.1,1022046
9/5/2023,13.1,13.2,12.9,13.1,1534894
9/7/2023,13.1,13.2,12.7,12.8,1517562
9/10/2023,12.8,12.9,12.5,12.6,948500
9/11/2023,12.6,12.7,12.4,12.4,1351995
9/12/2023,12.4,12.5,12.3,12.5,920783
9/13/2023,12.6,12.6,12.2,12.2,1849170
9/14/2023,12.2,13.4,12.2,13.0,3524379
9/17/2023,13.1,13.1,12.5,12.6,994898
9/18/2023,12.6,12.7,12.3,12.5,2127047
9/20/2023,12.5,13.1,12.4,12.7,2280575
9/21/2023,12.9,13.2,12.6,13.0,1469158
9/24/2023,13.1,13.2,12.4,12.5,1552402
9/25/2023,12.5,12.7,12.4,12.5,1446600
9/26/2023,12.5,12.8,12.4,12.5,778114
9/27/2023,12.5,12.6,12.4,12.4,938312
10/1/2023,12.4,12.6,12.2,12.3,986631
10/2/2023,12.3,12.4,12.1,12.3,914154
10/3/2023,12.3,12.4,12.1,12.1,692402
10/4/2023,12.2,12.2,12.0,12.1,518358
10/5/2023,12.1,12.2,12.0,12.1,399666
10/8/2023,12.1,12.2,11.4,11.5,1361710
10/9/2023,11.4,11.6,11.1,11.3,785859
10/10/2023,11.4,11.5,11.3,11.4,519996
10/11/2023,11.4,11.4,11.2,11.3,435694
10/12/2023,11.4,12.0,11.4,11.9,1169612
10/15/2023,11.9,11.9,11.6,11.7,447703
10/16/2023,11.7,11.8,11.5,11.6,677123
10/17/2023,11.7,11.7,11.4,11.7,928660
10/18/2023,11.7,12.3,11.7,12.0,1311180
10/19/2023,11.8,12.1,11.8,11.8,739084
10/22/2023,11.8,11.8,11.5,11.6,670176
10/23/2023,11.4,11.8,11.4,11.6,345459
10/25/2023,11.7,11.7,11.5,11.6,319516
10/26/2023,11.7,11.9,11.5,11.8,1073510
10/29/2023,11.8,11.9,11.6,11.8,785732
10/30/2023,12.0,12.6,11.7,12.2,3073902
10/31/2023,12.3,12.4,12.0,12.1,1351450
11/1/2023,12.1,12.2,11.7,11.7,2393021
11/2/2023,11.9,12.1,11.7,11.9,1145279
11/5/2023,11.9,12.0,11.8,11.9,1229227
11/6/2023,11.9,12.4,11.9,12.1,1446547
11/7/2023,12.2,12.3,11.7,11.9,1729159
11/8/2023,11.9,11.9,11.7,11.7,703364
11/9/2023,11.8,11.9,11.6,11.7,894725
11/12/2023,11.8,12.0,11.7,11.8,668673
11/13/2023,11.8,11.8,11.6,11.7,372271
11/14/2023,11.7,12.0,11.7,11.9,947873
11/15/2023,11.9,12.0,11.8,11.9,781262
11/16/2023,12.0,12.6,12.0,12.4,2673437
11/19/2023,12.6,12.6,12.1,12.2,617554
11/20/2023,12.2,12.2,11.8,11.9,1277855
11/21/2023,11.8,11.9,11.7,11.8,542545
11/22/2023,11.7,12.0,11.7,11.8,697131
11/23/2023,11.8,11.9,11.7,11.8,290927
11/26/2023,11.8,11.9,11.7,11.7,711234
11/27/2023,11.8,11.8,11.6,11.6,689394
11/28/2023,11.7,11.8,11.5,11.6,422852
11/29/2023,11.6,11.8,11.6,11.6,321896
11/30/2023,11.7,11.8,11.6,11.7,348301
12/3/2023,11.7,11.7,11.5,11.6,503123
12/4/2023,11.7,11.8,11.6,11.7,543105
12/5/2023,11.7,12.2,11.7,12.0,1202070
12/6/2023,12.0,12.1,11.8,11.9,536414
12/7/2023,11.9,12.0,11.7,11.8,587131
12/10/2023,11.8,11.8,11.7,11.8,690497
12/11/2023,11.8,12.6,11.7,12.5,4094083
12/12/2023,12.5,12.6,12.2,12.3,1090748
12/13/2023,12.3,13.5,12.1,13.0,6307976
12/14/2023,12.9,13.2,12.6,13.0,1735456
12/17/2023,13.0,14.2,13.0,13.8,5393263
12/18/2023,13.9,14.5,13.5,13.6,3822052
12/19/2023,14.0,14.0,13.3,13.5,2926674
12/20/2023,13.4,13.8,13.1,13.2,2460977
12/21/2023,13.2,14.3,13.2,13.9,5281442
12/24/2023,14.1,14.2,13.5,13.7,1599487
12/26/2023,13.9,14.3,13.6,14.0,3397785
12/27/2023,14.2,15.1,14.2,14.7,5292108
12/28/2023,14.8,14.8,14.1,14.4,3128525
1/1/2024,14.5,14.9,13.7,13.9,3890752
1/2/2024,13.9,14.0,13.3,13.5,2698785
1/3/2024,13.4,13.6,13.1,13.5,1452004
1/4/2024,13.6,14.3,13.4,14.1,2607856
1/8/2024,14.1,15.5,14.1,15.5,6959040
1/9/2024,15.9,16.6,15.2,15.8,7936090
1/10/2024,15.8,16.2,15.3,15.9,5949565
1/11/2024,16.0,16.7,15.6,15.8,8586528
1/14/2024,15.8,16.0,15.0,15.2,4155327
1/15/2024,15.2,16.3,15.1,15.6,5027540
1/16/2024,15.7,15.9,14.9,15.0,4870486
1/17/2024,15.0,15.4,14.8,14.9,2562056
1/18/2024,15.0,15.1,14.6,14.8,2190023
1/21/2024,13.8,15.1,13.6,15.0,2183236
1/22/2024,15.0,15.4,15.0,15.3,2773758
1/23/2024,15.3,16.3,15.3,15.6,5390557
1/24/2024,15.7,15.8,15.2,15.3,2763375
1/25/2024,15.2,15.4,14.8,15.0,1630292
1/28/2024,15.0,15.2,14.6,14.9,1567488
1/29/2024,15.2,15.3,14.6,15.1,1276449
1/30/2024,15.4,15.4,15.0,15.2,2087118
1/31/2024,15.4,15.8,14.8,15.0,2768102
2/1/2024,14.9,15.4,14.8,15.1,1830718
2/4/2024,15.2,15.4,14.8,15.0,3293970
2/5/2024,15.0,15.9,15.0,15.4,4246617
2/6/2024,15.6,15.7,15.0,15.1,3088642
2/7/2024,15.1,15.2,14.6,14.7,3485424
2/8/2024,14.8,15.7,14.7,15.2,4467554
2/11/2024,15.3,15.8,15.2,15.4,4123298
2/12/2024,15.6,15.7,15.0,15.1,2686850
2/13/2024,15.1,15.2,14.6,14.7,2176308
2/14/2024,14.7,14.9,14.2,14.4,1246537
2/15/2024,14.4,14.7,14.0,14.1,980648
2/18/2024,14.2,14.3,13.7,13.7,1067232
2/19/2024,13.7,13.8,13.5,13.7,1084917
2/20/2024,14.1,14.2,13.7,13.9,590284
