no,stock,from,to,records
0,1JANATAMF,2015-10-15 10:54:00,2024-01-31 14:29:00,72631
1,1STPRIMFMF,2015-10-15 11:00:00,2024-01-31 14:22:00,104209
2,AAMRANET,2017-10-02 10:30:00,2024-01-31 14:28:00,154716
3,AAMRATECH,2015-10-15 11:00:00,2024-01-31 14:15:00,145112
4,ABB1STMF,2015-10-15 10:56:00,2024-01-31 14:29:00,59466
5,ABBANK,2015-10-15 10:42:00,2024-01-31 14:23:00,150963
6,ABBLPBOND,2023-06-15 10:03:00,2024-01-30 12:57:00,49
7,ACFL,2018-08-06 10:33:00,2024-01-31 14:20:00,78178
8,ACHIASF,2022-08-30 15:00:00,2024-01-31 14:16:00,9011
9,ACI,2015-10-15 10:36:00,2024-01-31 14:24:00,142258
10,ACIFORMULA,2015-10-15 11:08:00,2024-01-31 14:19:00,109221
11,ACMELAB,2016-06-07 10:35:00,2024-01-31 14:26:00,149035
12,ACMEPL,2021-11-14 10:02:00,2024-01-31 14:29:00,46934
13,ACTIVEFINE,2015-10-15 11:04:00,2024-01-31 14:25:00,184631
14,ADNTEL,2020-01-06 10:30:00,2024-01-31 14:27:00,122301
15,ADVENT,2018-04-12 10:31:00,2024-01-31 14:27:00,155901
16,AFCAGRO,2015-10-15 10:56:00,2024-01-31 14:19:00,109854
17,AFTABAUTO,2015-10-15 11:14:00,2024-01-31 14:29:00,124480
18,AGNISYSL,2015-10-15 10:46:00,2024-01-31 14:23:00,187326
19,AGRANINS,2015-10-15 13:53:00,2024-01-31 14:29:00,118558
20,AIBL1STIMF,2015-10-15 11:06:00,2024-01-31 14:28:00,29461
21,AIL,2017-12-28 10:31:00,2024-01-31 14:29:00,133466
22,ALARABANK,2015-10-15 10:38:00,2024-01-31 14:26:00,95592
23,AL-HAJTEX,2015-10-15 10:40:00,2024-01-31 14:24:00,160718
24,ALIF,2015-10-15 10:52:00,2024-01-31 14:29:00,193773
25,ALLTEX,2015-10-15 10:34:00,2024-01-31 14:29:00,84668
26,AMANFEED,2015-10-15 10:34:00,2024-01-31 14:28:00,165087
27,AMBEEPHA,2015-10-15 10:54:00,2024-01-31 14:25:00,100191
28,AMCL(PRAN),2015-10-15 11:12:00,2024-01-31 14:17:00,89858
29,AMPL,2023-06-06 10:08:00,2024-01-31 14:17:00,4396
30,ANLIMAYARN,2015-10-15 10:38:00,2024-01-31 14:17:00,132455
31,ANWARGALV,2015-10-15 10:34:00,2024-01-31 13:07:00,141822
32,AOL,2020-10-25 10:08:00,2024-01-31 14:28:00,64988
33,AOPLC,2024-01-10 10:02:00,2024-01-31 14:19:00,522
34,APEXFOODS,2015-10-15 10:44:00,2024-01-31 14:27:00,153454
35,APEXFOOT,2015-10-15 11:18:00,2024-01-31 14:29:00,104331
36,APEXSPINN,2015-10-15 11:18:00,2024-01-31 14:27:00,94692
37,APEXTANRY,2015-10-15 10:42:00,2024-01-31 14:16:00,80457
38,APEXWEAV,2022-08-30 15:00:00,2024-01-31 14:02:00,8704
39,APOLOISPAT,2015-10-15 10:34:00,2024-01-31 14:26:00,169308
40,APSCLBOND,2020-10-29 11:21:00,2023-09-07 10:15:00,1024
41,ARAMIT,2015-10-15 11:08:00,2024-01-31 14:04:00,97317
42,ARAMITCEM,2015-10-15 10:36:00,2024-01-31 14:24:00,91955
43,ARGONDENIM,2015-10-15 11:22:00,2024-01-31 14:24:00,110968
44,ASIAINS,2015-10-15 12:31:00,2024-01-31 14:19:00,131510
45,ASIAPACINS,2015-10-15 12:40:00,2024-01-31 14:25:00,96865
46,ATCSLGF,2015-10-15 11:18:00,2024-01-31 14:28:00,64244
47,ATLASBANG,2015-10-15 11:44:00,2024-01-31 14:11:00,61837
48,AZIZPIPES,2015-10-15 10:44:00,2024-01-31 14:29:00,128097
49,BANGAS,2015-10-15 10:34:00,2024-01-31 14:24:00,148738
50,BANKASIA,2015-10-15 10:50:00,2024-01-31 14:16:00,60698
51,BARKAPOWER,2015-10-15 10:34:00,2024-01-31 14:29:00,151968
52,BATASHOE,2015-10-15 12:22:00,2024-01-31 14:02:00,45373
53,BATBC,2015-10-15 11:58:00,2024-01-31 14:09:00,181264
54,BAYLEASING,2015-10-15 10:42:00,2024-01-31 14:29:00,106214
55,BBS,2015-10-15 10:34:00,2024-01-31 14:22:00,157767
56,BBSCABLES,2017-07-31 10:30:00,2024-01-31 14:25:00,164282
57,BDAUTOCA,2015-10-15 11:34:00,2024-01-31 14:19:00,129858
58,BDCOM,2015-10-15 11:00:00,2024-01-31 14:26:00,200992
59,BDFINANCE,2015-10-15 10:34:00,2024-01-31 14:29:00,145141
60,BDLAMPS,2015-10-15 10:56:00,2024-01-31 14:20:00,129905
61,BDPAINTS,2022-08-30 15:00:00,2024-01-31 14:19:00,9002
62,BDTHAI,2015-10-15 10:34:00,2024-01-31 14:29:00,193142
63,BDTHAIFOOD,2022-01-24 10:01:00,2024-01-31 14:23:00,56288
64,BDWELDING,2015-10-15 10:50:00,2024-01-31 14:19:00,103047
65,BEACHHATCH,2015-10-15 10:42:00,2024-01-31 14:29:00,123487
66,BEACONPHAR,2015-10-15 10:56:00,2024-01-31 14:29:00,149221
67,BENGALBISC,2022-08-30 15:00:00,2024-01-31 14:11:00,4180
68,BENGALWTL,2015-10-15 10:38:00,2024-01-31 14:25:00,129129
69,BERGERPBL,2015-10-15 10:42:00,2024-01-31 14:28:00,78627
70,BEXGSUKUK,2022-01-13 10:00:00,2024-01-31 14:23:00,8841
71,BEXIMCO,2015-10-15 10:34:00,2024-01-31 12:52:00,268938
72,BGIC,2015-10-15 10:34:00,2024-01-31 14:12:00,84889
73,BIFC,2015-10-15 10:40:00,2024-01-31 14:27:00,24601
74,BNICL,2016-04-21 10:32:00,2024-01-31 14:25:00,138386
75,BPML,2018-07-02 10:50:00,2024-01-31 14:27:00,165460
76,BPPL,2021-07-15 10:01:00,2024-01-31 14:28:00,57682
77,BRACBANK,2015-10-15 10:36:00,2024-01-31 14:29:00,180268
78,BSC,2015-10-15 10:42:00,2024-01-31 14:28:00,266740
79,BSCCL,2015-10-15 10:36:00,2024-01-31 14:28:00,187550
80,BSRMLTD,2015-10-15 10:38:00,2024-01-31 14:12:00,128844
81,BSRMSTEEL,2015-10-15 10:44:00,2024-01-31 14:19:00,100120
82,BXPHARMA,2015-10-15 10:34:00,2024-01-31 14:22:00,208705
83,BXSYNTH,,,0
84,CAPITECGBF,2023-10-17 10:00:00,2024-01-31 14:23:00,10431
85,CAPMBDBLMF,2017-01-12 10:33:00,2024-01-31 14:20:00,47657
86,CAPMIBBLMF,2018-03-05 10:38:00,2024-01-31 14:29:00,75963
87,CBLPBOND,,,0
88,CENTRALINS,2015-10-15 12:54:00,2024-01-31 14:25:00,75415
89,CENTRALPHL,2015-10-15 10:42:00,2024-01-31 14:29:00,188795
90,CITYBANK,2015-10-15 10:34:00,2024-01-31 14:29:00,181953
91,CITYGENINS,2015-10-15 12:40:00,2024-01-31 14:22:00,137441
92,CLICL,2022-10-30 11:00:00,2024-01-31 14:24:00,41247
93,CNATEX,2015-10-15 10:34:00,2024-01-31 14:27:00,123154
94,CONFIDCEM,2015-10-15 10:42:00,2024-01-31 14:28:00,147442
95,CONTININS,2015-10-15 11:40:00,2024-01-31 14:26:00,131949
96,COPPERTECH,2019-08-05 10:30:00,2024-01-31 14:29:00,84608
97,CROWNCEMNT,2022-02-23 10:12:00,2024-01-31 14:23:00,7763
98,CRYSTALINS,2020-12-21 10:11:00,2024-01-31 14:28:00,74862
99,CVOPRL,2015-10-15 10:34:00,2024-01-31 14:29:00,191662
100,DACCADYE,2015-10-15 10:36:00,2024-01-31 14:22:00,108506
101,DAFODILCOM,2015-10-15 11:24:00,2024-01-31 14:28:00,86793
102,DBH,2015-10-15 10:46:00,2024-01-31 14:26:00,86323
103,DBH1STMF,2015-10-15 10:58:00,2024-01-31 14:28:00,35854
104,DBLPBOND,2023-02-05 13:35:00,2024-01-28 11:42:00,11
105,DELTALIFE,2015-10-15 10:52:00,2024-01-31 14:29:00,165082
106,DELTASPINN,2015-10-15 11:08:00,2024-01-31 14:23:00,115811
107,DESCO,2015-10-15 10:34:00,2024-01-31 14:17:00,70205
108,DESHBANDHU,2015-10-15 10:54:00,2024-01-31 14:29:00,156164
109,DGIC,2021-03-29 10:00:00,2024-01-31 14:27:00,67474
110,DHAKABANK,2015-10-15 10:48:00,2024-01-31 14:24:00,98996
111,DHAKAINS,2015-10-15 13:45:00,2024-01-31 14:24:00,100344
112,DOMINAGE,2020-12-02 10:10:00,2024-01-31 14:21:00,75087
113,DOREENPWR,2016-04-06 10:33:00,2024-01-31 14:23:00,152412
114,DSHGARME,2015-10-15 11:46:00,2024-01-31 14:19:00,110168
115,DSSL,2016-03-23 10:32:00,2024-01-31 14:22:00,191409
116,DULAMIACOT,2015-10-15 12:50:00,2024-01-31 14:23:00,28974
117,DUTCHBANGL,2015-10-15 11:12:00,2024-01-31 14:19:00,109335
118,EASTERNINS,2015-10-15 14:11:00,2024-01-31 14:29:00,106518
119,EASTLAND,2015-10-15 10:44:00,2024-01-31 14:21:00,103416
120,EASTRNLUB,2015-10-15 12:40:00,2024-01-31 14:19:00,130109
121,EBL,2015-10-15 11:24:00,2024-01-31 14:19:00,66080
122,EBL1STMF,2015-10-15 10:56:00,2024-01-31 14:24:00,38132
123,EBLNRBMF,2015-10-15 10:58:00,2024-01-31 14:25:00,38483
124,ECABLES,2015-10-15 12:50:00,2024-01-31 14:26:00,111675
125,EGEN,2021-02-23 10:25:00,2024-01-31 14:26:00,45507
126,EHL,2015-10-15 10:36:00,2024-01-31 14:27:00,187233
127,EIL,2020-08-24 10:00:00,2024-01-31 14:22:00,95644
128,EMERALDOIL,2015-10-15 10:42:00,2024-01-31 14:23:00,144681
129,ENVOYTEX,2015-10-15 10:40:00,2024-01-31 14:19:00,60669
130,EPGL,2021-01-19 10:06:00,2024-01-31 14:28:00,73085
131,ESQUIRENIT,2019-04-09 10:30:00,2024-01-31 14:29:00,74032
132,ETL,2016-07-17 10:33:00,2024-01-31 14:21:00,117172
133,EXIM1STMF,2015-10-21 12:07:00,2024-01-31 14:21:00,44050
134,EXIMBANK,2015-10-15 10:34:00,2024-01-31 14:20:00,153340
135,FAMILYTEX,2015-10-15 10:40:00,2024-01-31 14:28:00,117991
136,FARCHEM,2015-10-15 10:34:00,2024-01-31 14:23:00,165712
137,FAREASTFIN,2015-10-15 11:14:00,2024-01-31 14:18:00,54618
138,FAREASTLIF,2015-10-15 10:40:00,2024-01-31 14:24:00,103110
139,FASFIN,2015-10-15 10:36:00,2024-01-31 14:24:00,134950
140,FBFIF,2015-10-15 13:21:00,2024-01-31 14:21:00,75398
141,FEDERALINS,2015-10-15 10:56:00,2024-01-31 14:26:00,147465
142,FEKDIL,2015-10-15 10:34:00,2024-01-31 14:27:00,131938
143,FINEFOODS,2015-10-15 12:32:00,2024-01-31 14:28:00,167354
144,FIRSTFIN,2015-10-15 11:08:00,2024-01-31 13:57:00,34150
145,FIRSTSBANK,2015-10-15 10:42:00,2024-01-31 14:23:00,161307
146,FORTUNE,2016-10-20 10:32:00,2024-01-31 14:29:00,195991
147,FUWANGCER,2015-10-15 10:40:00,2024-01-31 14:27:00,166409
148,FUWANGFOOD,2015-10-15 10:40:00,2024-01-31 14:29:00,208982
149,GBBPOWER,2015-10-15 10:52:00,2024-01-31 14:26:00,143540
150,GEMINISEA,2015-10-15 11:08:00,2024-01-31 14:27:00,203416
151,GENEXIL,2019-02-06 10:30:00,2024-01-31 14:27:00,167941
152,GENNEXT,2015-10-15 10:42:00,2024-01-31 14:25:00,163067
153,GHAIL,2015-10-15 10:38:00,2024-01-31 14:27:00,146681
154,GHCL,2015-10-15 11:54:00,2024-01-31 14:26:00,53736
155,GIB,2022-11-16 10:00:00,2024-01-31 14:28:00,8046
156,GLDNJMF,2022-09-21 09:30:00,2024-01-31 14:24:00,5674
157,GLOBALINS,2015-10-15 11:18:00,2024-01-31 14:24:00,143269
158,GOLDENSON,2015-10-15 10:46:00,2024-01-31 14:24:00,122282
159,GP,2015-10-15 10:34:00,2024-01-31 14:06:00,196300
160,GPHISPAT,2015-10-15 10:34:00,2024-01-31 14:28:00,146579
161,GQBALLPEN,2015-10-15 11:00:00,2024-01-31 14:28:00,136444
162,GRAMEENS2,2015-10-15 11:00:00,2024-01-31 14:12:00,68407
163,GREENDELMF,2015-10-15 10:42:00,2024-01-31 14:22:00,45783
164,GREENDELT,2015-10-15 11:58:00,2024-01-31 14:29:00,74381
165,GSPFINANCE,2015-10-15 10:34:00,2024-01-31 14:21:00,154660
166,HAKKANIPUL,2015-10-15 11:12:00,2024-01-31 14:27:00,160338
167,HEIDELBCEM,2015-10-15 10:44:00,2024-01-31 14:22:00,85432
168,HFL,2015-10-15 10:42:00,2024-01-31 14:23:00,118856
169,HIMADRI,2022-09-27 09:26:00,2024-01-31 14:20:00,851
170,HRTEX,2015-10-15 12:08:00,2024-01-31 14:22:00,103820
171,HWAWELLTEX,2015-10-15 13:17:00,2024-01-31 14:15:00,38216
172,IBNSINA,2015-10-15 10:36:00,2024-01-31 14:21:00,94086
173,IBP,2018-10-18 10:30:00,2024-01-31 14:28:00,133562
174,ICB,2015-10-15 11:12:00,2024-01-31 14:19:00,119642
175,ICB3RDNRB,2015-10-15 11:24:00,2024-01-31 14:20:00,41019
176,ICBAGRANI1,2017-10-08 10:31:00,2024-01-31 14:14:00,23780
177,ICBAMCL2ND,2015-10-15 11:24:00,2024-01-31 14:27:00,35085
178,ICBEPMF1S1,2015-10-15 11:16:00,2024-01-31 14:20:00,38318
179,ICBIBANK,2015-10-15 11:04:00,2024-01-31 14:17:00,56218
180,ICBSONALI1,2015-10-15 12:58:00,2024-01-31 14:17:00,21465
181,ICICL,2022-12-18 10:00:00,2024-01-31 14:20:00,41197
182,IDLC,2015-10-15 10:36:00,2024-01-31 14:18:00,127678
183,IFADAUTOS,2015-10-15 11:04:00,2024-01-31 14:18:00,177756
184,IFIC,2015-10-15 10:40:00,2024-01-31 14:26:00,206783
185,IFIC1STMF,2015-10-15 10:50:00,2024-01-31 14:28:00,48674
186,IFILISLMF1,2015-10-15 11:00:00,2024-01-31 14:29:00,33928
187,ILFSL,2015-10-15 11:10:00,2024-01-31 14:27:00,122332
188,IMAMBUTTON,2015-10-15 12:18:00,2024-01-31 14:20:00,58970
189,INDEXAGRO,2021-04-07 10:00:00,2024-01-31 14:27:00,47001
190,INTECH,2015-10-15 11:08:00,2024-01-31 14:28:00,150699
191,INTRACO,2018-05-17 10:31:00,2024-01-31 14:27:00,178067
192,IPDC,2015-10-15 10:34:00,2024-01-31 14:29:00,126244
193,ISLAMIBANK,2015-10-15 10:44:00,2024-01-29 12:07:00,128884
194,ISLAMICFIN,2015-10-15 10:42:00,2024-01-31 14:19:00,125701
195,ISLAMIINS,2015-10-15 11:00:00,2024-01-31 14:22:00,115725
196,ISNLTD,2015-10-15 13:43:00,2024-01-31 14:28:00,111545
197,ITC,2016-01-10 10:34:00,2024-01-31 14:28:00,163454
198,JAMUNABANK,2015-10-15 11:04:00,2024-01-31 14:24:00,102607
199,JAMUNAOIL,2015-10-15 10:48:00,2024-01-31 14:24:00,87937
200,JANATAINS,2015-10-15 11:16:00,2024-01-31 14:29:00,106633
201,JHRML,2022-03-31 10:09:00,2024-01-31 14:28:00,90025
202,JMISMDL,2015-10-15 10:42:00,2024-01-31 14:26:00,154991
203,JUTESPINN,2015-10-15 12:56:00,2024-01-31 14:23:00,31789
204,KARNAPHULI,2015-10-15 11:36:00,2024-01-31 14:29:00,116561
205,KAY&QUE,,,0
206,KBPPWBIL,2015-10-15 10:44:00,2024-01-31 14:28:00,159205
207,KBSEED,2022-08-30 15:00:00,2024-01-31 14:24:00,5912
208,KDSALTD,2015-10-15 10:34:00,2024-01-31 14:20:00,144998
209,KEYACOSMET,2015-10-15 10:34:00,2024-01-31 14:29:00,205847
210,KFL,2022-08-30 15:00:00,2024-01-31 14:20:00,10213
211,KOHINOOR,2015-10-15 13:39:00,2024-01-31 14:29:00,89867
212,KPCL,2015-10-15 11:04:00,2024-01-30 14:01:00,177597
213,KPPL,2015-10-15 10:34:00,2024-01-31 14:28:00,109468
214,KTL,2018-11-12 10:30:00,2024-01-31 14:28:00,107174
215,LANKABAFIN,2015-10-15 10:40:00,2024-01-31 14:29:00,219697
216,LEGACYFOOT,2015-10-15 10:36:00,2024-01-31 14:24:00,173102
217,LHBL,2015-10-15 10:34:00,2024-01-31 14:29:00,273143
218,LIBRAINFU,2015-10-15 14:05:00,2024-01-31 14:26:00,119966
219,LINDEBD,2015-10-15 11:24:00,2024-01-31 14:28:00,89055
220,LOVELLO,2021-02-10 10:29:00,2024-01-31 14:25:00,77569
221,LRBDL,2021-03-09 10:22:00,2024-01-31 14:24:00,82890
222,LRGLOBMF1,2015-10-15 10:36:00,2024-01-31 14:25:00,37342
223,MAKSONSPIN,2015-10-15 10:48:00,2024-01-31 14:27:00,156629
224,MALEKSPIN,2015-10-15 10:44:00,2024-01-31 14:29:00,130090
225,MAMUNAGRO,2022-08-30 15:00:00,2024-01-31 14:17:00,7677
226,MARICO,2015-10-15 11:00:00,2024-01-31 14:27:00,63111
227,MASTERAGRO,2022-08-30 15:00:00,2024-01-31 14:21:00,9641
228,MATINSPINN,2015-10-15 10:36:00,2024-01-31 14:29:00,69421
229,MBL1STMF,2015-10-15 10:46:00,2024-01-31 14:06:00,35391
230,MEGCONMILK,2015-10-15 11:36:00,2024-01-31 14:10:00,46754
231,MEGHNACEM,2015-10-15 11:30:00,2024-01-31 14:21:00,53258
232,MEGHNAINS,2022-06-08 10:07:00,2024-01-31 14:29:00,40939
233,MEGHNALIFE,2015-10-15 11:18:00,2024-01-31 14:22:00,134533
234,MEGHNAPET,2015-10-15 12:12:00,2024-01-31 14:19:00,48482
235,MERCANBANK,2015-10-15 10:46:00,2024-01-31 14:19:00,150776
236,MERCINS,2015-10-15 13:37:00,2024-01-31 14:26:00,92229
237,METROSPIN,2015-10-15 11:06:00,2024-01-31 14:27:00,141175
238,MHSML,2015-10-15 10:34:00,2024-01-31 14:27:00,109586
239,MIDASFIN,2015-10-15 12:02:00,2024-01-31 14:19:00,90146
240,MIDLANDBNK,2023-03-27 10:01:00,2024-01-31 14:29:00,28178
241,MIRACLEIND,2015-10-15 10:40:00,2024-01-31 14:29:00,201176
242,MIRAKHTER,2021-02-02 10:00:00,2024-01-31 14:20:00,69632
243,MITHUNKNIT,2015-10-15 10:34:00,2024-01-31 14:17:00,70189
244,MJLBD,2015-10-15 10:42:00,2024-01-31 14:14:00,135326
245,MKFOOTWEAR,2023-08-03 10:02:00,2024-01-31 14:18:00,3379
246,MLDYEING,2018-09-17 15:28:00,2024-01-31 14:24:00,84265
247,MONNOAGML,2015-10-15 11:20:00,2024-01-31 14:24:00,154172
248,MONNOCERA,2015-10-15 10:36:00,2024-01-31 14:29:00,212941
249,MONNOFABR,2021-06-13 11:07:00,2024-01-31 14:21:00,36918
250,MONOSPOOL,2021-06-13 11:00:00,2024-01-31 14:28:00,87187
251,MOSTFAMETL,2022-08-30 15:00:00,2024-01-31 14:20:00,8245
252,MPETROLEUM,2015-10-15 10:42:00,2024-01-31 14:27:00,97147
253,MTB,2015-10-15 11:34:00,2024-01-31 14:11:00,46541
254,NAHEEACP,2017-12-24 10:32:00,2024-01-31 14:25:00,103105
255,NATLIFEINS,2015-10-15 11:46:00,2024-01-31 14:20:00,50894
256,NAVANACNG,2015-10-15 10:46:00,2024-01-31 14:29:00,110477
257,NAVANAPHAR,2022-10-18 09:30:00,2024-01-31 14:29:00,59399
258,NBL,2015-10-15 10:40:00,2024-01-31 14:20:00,193030
259,NCCBANK,2015-10-15 10:52:00,2024-01-31 14:16:00,113522
260,NCCBLMF1,2015-10-15 10:34:00,2024-01-31 14:18:00,35012
261,NEWLINE,2019-05-27 10:01:00,2024-01-31 14:11:00,53291
262,NFML,2015-10-15 10:34:00,2024-01-31 14:20:00,187462
263,NHFIL,2015-10-15 11:54:00,2024-01-31 14:29:00,163438
264,NIALCO,2022-08-30 15:00:00,2024-01-31 14:28:00,8069
265,NITOLINS,2015-10-15 12:34:00,2024-01-31 14:19:00,89799
266,NLI1STMF,,,0
267,NORTHERN,2015-10-15 11:24:00,2024-01-31 14:19:00,121799
268,NORTHRNINS,2015-10-15 11:36:00,2024-01-31 14:19:00,97427
269,NPOLYMER,2015-10-15 10:42:00,2024-01-31 14:29:00,166631
270,NRBCBANK,2021-03-22 10:00:00,2024-01-31 14:23:00,65705
271,NTC,2015-10-15 11:40:00,2024-01-31 14:13:00,88739
272,NTLTUBES,2015-10-15 11:14:00,2024-01-31 14:21:00,181099
273,NURANI,2017-06-01 10:00:00,2024-01-31 14:24:00,102211
274,OAL,2015-10-15 10:34:00,2024-01-31 14:29:00,170624
275,OIMEX,2017-11-06 10:30:00,2024-01-31 14:29:00,113445
276,OLYMPIC,2015-10-15 10:48:00,2024-01-31 14:21:00,166187
277,ONEBANKPLC,2015-10-15 10:36:00,2024-01-31 14:22:00,147692
278,ORIONINFU,2015-10-15 10:42:00,2024-01-31 14:29:00,212223
279,ORIONPHARM,2015-10-15 10:44:00,2024-01-31 13:57:00,212190
280,ORYZAAGRO,2022-08-30 15:00:00,2024-01-31 14:19:00,9124
281,PADMALIFE,2015-10-15 11:22:00,2024-01-31 14:19:00,91628
282,PADMAOIL,2015-10-15 11:44:00,2024-01-31 14:28:00,68704
283,PAPERPROC,2021-06-13 10:59:00,2024-01-31 14:27:00,97619
284,PARAMOUNT,2015-10-15 12:28:00,2024-01-31 14:24:00,119338
285,PDL,2017-02-07 10:32:00,2024-01-31 14:29:00,145686
286,PENINSULA,2015-10-15 10:44:00,2024-01-31 14:21:00,169432
287,PEOPLESINS,2015-10-15 12:06:00,2024-01-31 14:23:00,116000
288,PF1STMF,2015-10-15 11:48:00,2024-01-31 14:19:00,62436
289,PHARMAID,2015-10-15 11:52:00,2024-01-31 14:29:00,153673
290,PHENIXINS,2015-10-15 11:50:00,2024-01-31 14:17:00,72556
291,PHOENIXFIN,2015-10-15 11:20:00,2024-01-31 14:23:00,64351
292,PHPMF1,2015-10-15 11:04:00,2024-01-31 14:20:00,72056
293,PIONEERINS,2015-10-15 14:09:00,2024-01-31 14:23:00,114636
294,POPULAR1MF,2015-10-15 10:48:00,2024-01-31 14:13:00,71310
295,POPULARLIF,2015-10-15 11:04:00,2024-01-31 14:29:00,88696
296,POWERGRID,2015-10-15 10:42:00,2024-01-31 14:29:00,142340
297,PRAGATIINS,2015-10-15 11:44:00,2024-01-31 14:19:00,77242
298,PRAGATILIF,2015-10-15 11:20:00,2024-01-31 14:21:00,94824
299,PREMIERBAN,2015-10-15 10:34:00,2024-01-31 14:28:00,179972
300,PREMIERCEM,2015-10-15 10:46:00,2024-01-31 14:29:00,72629
301,PREMIERLEA,2015-10-15 10:36:00,2024-01-31 14:10:00,97532
302,PRIME1ICBA,2015-10-15 10:52:00,2024-01-31 14:19:00,29069
303,PRIMEBANK,2015-10-15 10:56:00,2024-01-31 14:27:00,83805
304,PRIMEFIN,2015-10-15 10:40:00,2024-01-31 14:20:00,88393
305,PRIMEINSUR,2015-10-15 11:16:00,2024-01-31 14:27:00,68753
306,PRIMELIFE,2015-10-15 11:06:00,2024-01-31 14:19:00,72986
307,PRIMETEX,2015-10-15 11:40:00,2024-01-31 14:23:00,99430
308,PROGRESLIF,2015-10-15 11:36:00,2024-01-31 14:24:00,53793
309,PROVATIINS,2015-10-15 11:34:00,2024-01-31 14:29:00,116461
310,PTL,2015-10-15 11:04:00,2024-01-31 14:29:00,155762
311,PUBALIBANK,2015-10-15 10:36:00,2024-01-31 14:13:00,82881
312,PURABIGEN,2015-10-15 11:52:00,2024-01-31 14:20:00,148873
313,QUASEMIND,2015-10-15 11:24:00,2024-01-31 14:25:00,146449
314,QUEENSOUTH,2018-03-13 10:32:00,2024-01-31 14:22:00,105177
315,RAHIMAFOOD,2020-02-02 09:53:00,2024-01-31 14:21:00,80656
316,RAHIMTEXT,2015-10-15 11:46:00,2024-01-31 14:14:00,68901
317,RAKCERAMIC,2015-10-15 10:46:00,2024-01-31 14:29:00,144380
318,RANFOUNDRY,2015-10-15 10:54:00,2024-01-31 14:19:00,96763
319,RDFOOD,2015-10-15 11:30:00,2024-01-31 14:21:00,170470
320,RECKITTBEN,2015-10-15 10:34:00,2024-01-31 14:00:00,64050
321,REGENTTEX,2015-12-14 10:34:00,2024-01-31 14:22:00,126429
322,RELIANCE1,2015-10-15 11:04:00,2024-01-31 14:22:00,33631
323,RELIANCINS,2015-10-15 12:36:00,2024-01-31 14:19:00,62148
324,RENATA,2015-10-15 10:48:00,2024-01-31 12:51:00,84081
325,RENWICKJA,2015-10-15 12:12:00,2024-01-31 10:53:00,57392
326,REPUBLIC,2015-10-15 12:17:00,2024-01-31 14:24:00,129177
327,RINGSHINE,2019-12-12 10:30:00,2024-01-31 14:25:00,86427
328,RNSPIN,2015-10-15 10:46:00,2024-01-31 14:13:00,122027
329,ROBI,2020-12-24 10:00:00,2024-01-31 13:44:00,93992
330,RSRMSTEEL,2015-10-15 10:34:00,2024-01-31 14:28:00,147205
331,RUNNERAUTO,2019-05-21 10:00:00,2024-01-31 14:18:00,64499
332,RUPALIBANK,2015-10-15 12:54:00,2024-01-31 14:28:00,117172
333,RUPALIINS,2015-10-15 12:22:00,2024-01-31 14:29:00,144759
334,RUPALILIFE,2015-10-15 11:22:00,2024-01-31 14:28:00,178393
335,SADHESIVE,2022-08-30 15:00:00,2024-01-31 13:52:00,4549
336,SAFKOSPINN,2015-10-15 10:52:00,2024-01-31 14:27:00,114282
337,SAIFPOWER,2015-10-18 10:30:00,2024-01-31 14:22:00,204266
338,SAIHAMCOT,2015-10-15 10:50:00,2024-01-31 14:27:00,113995
339,SAIHAMTEX,2015-10-15 11:10:00,2024-01-31 14:25:00,98911
340,SALAMCRST,2015-10-15 10:36:00,2024-01-31 14:20:00,97128
341,SALVOCHEM,2015-10-15 10:56:00,2024-01-31 14:26:00,133687
342,SAMATALETH,2015-10-15 11:36:00,2024-01-31 14:25:00,73816
343,SAMORITA,2015-10-15 10:36:00,2024-01-31 14:29:00,117158
344,SANDHANINS,2015-10-15 10:58:00,2024-01-31 14:27:00,134839
345,SAPORTL,2015-10-15 10:36:00,2024-01-31 14:26:00,180267
346,SAVAREFR,,,0
347,SBACBANK,2021-08-11 10:00:00,2024-01-31 14:26:00,49007
348,SEAPEARL,2019-07-16 10:31:00,2024-01-31 14:29:00,130630
349,SEMLFBSLGF,2019-03-04 10:30:00,2024-01-31 14:26:00,49524
350,SEMLIBBLSF,2017-02-12 10:31:00,2024-01-31 14:18:00,44892
351,SEMLLECMF,2016-01-14 10:35:00,2024-01-31 14:22:00,58535
352,SHAHJABANK,2015-10-15 11:04:00,2024-01-31 14:18:00,88305
353,SHASHADNIM,2015-10-15 11:10:00,2024-01-31 14:28:00,119834
354,SHEPHERD,2017-03-08 10:31:00,2024-01-31 14:21:00,89435
355,SHURWID,2015-10-15 10:52:00,2024-01-31 14:19:00,135381
356,SHYAMPSUG,2015-10-18 14:13:00,2024-01-31 14:25:00,48009
357,SIBL,2015-10-15 10:46:00,2024-01-31 14:18:00,94953
358,SICL,2024-01-24 10:06:00,2024-01-31 14:16:00,129
359,SILCOPHL,2019-06-13 10:30:00,2024-01-31 14:28:00,88082
360,SILVAPHL,2018-10-10 10:30:00,2024-01-31 14:23:00,98391
361,SIMTEX,2015-11-23 10:33:00,2024-01-31 14:29:00,146224
362,SINGERBD,2015-10-15 10:36:00,2024-01-31 14:18:00,138063
363,SINOBANGLA,2015-10-15 10:34:00,2024-01-31 14:26:00,184340
364,SKICL,2021-11-07 10:00:00,2024-01-31 14:29:00,85248
365,SKTRIMS,2018-07-15 11:12:00,2024-01-31 14:27:00,107739
366,SONALIANSH,2015-10-15 11:06:00,2024-01-31 14:20:00,169128
367,SONALILIFE,2021-06-30 10:00:00,2024-01-31 14:22:00,87455
368,SONALIPAPR,2020-07-26 10:30:00,2024-01-31 14:29:00,80716
369,SONARBAINS,2015-10-15 11:32:00,2024-01-31 14:20:00,135893
370,SONARGAON,2015-10-15 11:50:00,2024-01-31 14:29:00,86451
371,SOUTHEASTB,2015-10-15 10:44:00,2024-01-31 14:25:00,116158
372,SPCERAMICS,2015-10-15 10:34:00,2024-01-31 14:29:00,151153
373,SPCL,2015-10-15 10:42:00,2024-01-31 12:34:00,154995
374,SQUARETEXT,2015-10-15 10:46:00,2024-01-31 14:23:00,74720
375,SQURPHARMA,2015-10-15 10:34:00,2024-01-31 14:29:00,277104
376,SSSTEEL,2019-01-17 10:30:00,2024-01-31 14:27:00,140459
377,STANCERAM,2015-10-15 11:18:00,2024-01-31 14:27:00,98615
378,STANDARINS,2015-10-15 13:09:00,2024-01-31 14:29:00,91594
379,STANDBANKL,2015-10-15 10:58:00,2024-01-31 14:19:00,90483
380,STYLECRAFT,2015-10-15 13:17:00,2024-01-31 14:29:00,149647
381,SUMITPOWER,2015-10-15 10:36:00,2024-01-31 14:24:00,177318
382,SUNLIFEINS,2015-10-15 10:42:00,2024-01-31 14:28:00,75231
383,TAKAFULINS,2015-10-15 12:06:00,2024-01-31 14:18:00,65510
384,TALLUSPIN,2015-10-15 10:36:00,2024-01-31 14:20:00,66729
385,TAMIJTEX,2021-06-13 12:24:00,2024-01-31 14:19:00,39410
386,TILIL,2023-05-11 10:00:00,2024-01-31 14:26:00,28986
387,TITASGAS,2015-10-15 10:36:00,2024-01-31 14:25:00,135807
388,TOSRIFA,2015-10-15 10:34:00,2024-01-31 14:22:00,116493
389,TRUSTB1MF,2015-10-15 10:52:00,2024-01-31 14:23:00,76219
390,TRUSTBANK,2015-10-15 10:34:00,2024-01-31 14:17:00,73643
391,TUNGHAI,2015-10-15 11:00:00,2024-01-31 14:27:00,77184
392,UCB,2015-12-03 10:44:00,2024-01-31 14:28:00,112885
393,UNILEVERCL,2015-10-15 11:18:00,2024-01-31 14:28:00,61022
394,UNIONBANK,2022-01-26 10:00:00,2024-01-31 14:27:00,38973
395,UNIONCAP,2015-10-15 10:52:00,2024-01-31 14:27:00,123124
396,UNIONINS,2022-01-16 10:00:00,2024-01-31 14:28:00,81330
397,UNIQUEHRL,2015-10-15 10:36:00,2024-01-31 14:29:00,168604
398,UNITEDFIN,2015-10-15 11:46:00,2024-01-31 14:20:00,112621
399,UNITEDINS,2015-10-15 12:28:00,2024-01-31 14:22:00,60619
400,UPGDCL,2015-10-15 10:34:00,2024-01-31 14:25:00,180436
401,USMANIAGL,2015-10-15 11:22:00,2024-01-31 14:05:00,85612
402,UTTARABANK,2015-10-15 10:46:00,2024-01-31 14:29:00,137842
403,UTTARAFIN,2015-10-15 10:40:00,2024-01-31 14:19:00,64265
404,VAMLBDMF1,2016-01-17 10:35:00,2024-01-31 14:20:00,27191
405,VAMLRBBF,2016-12-05 10:33:00,2024-01-31 14:25:00,27221
406,VFSTDL,2018-09-09 10:55:00,2024-01-31 14:29:00,99517
407,WALTONHIL,2020-09-23 10:01:00,2024-01-31 14:27:00,71025
408,WATACHEM,2015-10-15 11:08:00,2024-01-31 14:20:00,123352
409,WMSHIPYARD,2015-10-15 10:42:00,2024-01-31 14:28:00,179417
410,WONDERTOYS,2022-08-30 15:00:00,2024-01-31 14:17:00,6461
411,YPL,2016-09-22 10:33:00,2024-01-31 14:27:00,152382
412,YUSUFLOUR,2022-09-08 09:44:00,2024-01-31 12:19:00,501
413,ZAHEENSPIN,2015-10-15 10:44:00,2024-01-31 14:29:00,121299
414,ZAHINTEX,2015-10-15 10:34:00,2024-01-31 14:18:00,72806
415,ZEALBANGLA,2015-10-15 12:56:00,2024-01-31 14:05:00,36467
